"# This file contains the energy consumption and yields of your device ""aroTHERM plus"" with serial 21222500100211330001005519N3 exported at 2024-07-13 19:55:28.",,,,,,,,,
# All values are given in Watt hours (Wh),,,,,,,,,
DateTime,,EarnedEnvironmentEnergy:Heating,EarnedEnvironmentEnergy:DomesticHotWater,ConsumedElectricalEnergy:Heating,ConsumedElectricalEnergy:DomesticHotWater,HeatGenerated:Heating,HeatGenerated:DomesticHotWater,COP,COP (sanitised)
2023-07-12 00:00:00,2023-07-12,0,0,0,0,0,0,0,0
2023-07-13 00:00:00,2023-07-13,0,4000,1000,1000,1000,5000,3,3
2023-07-14 00:00:00,2023-07-14,0,5779.4,0,1779.4,0,7558.9,4.248004945,4.248004945
2023-07-15 00:00:00,2023-07-15,0,220.6,0,220.6,0,441.1,1.999546691,1.999546691
2023-07-16 00:00:00,2023-07-16,0,6000,0,2000,0,8000,4,4
2023-07-17 00:00:00,2023-07-17,0,2628.7,0,314.4,0,2943.1,9.361005089,9.361005089
2023-07-18 00:00:00,2023-07-18,0,4371.3,0,1685.6,0,6056.9,3.593319886,3.593319886
2023-07-19 00:00:00,2023-07-19,0,4000,313.5,1000,313.5,5000,4.04529882,4.04529882
2023-07-20 00:00:00,2023-07-20,0,4000,686.5,2000,686.5,6000,2.488926112,2.488926112
2023-07-21 00:00:00,2023-07-21,0,4000,0,1000,0,5000,5,5
2023-07-22 00:00:00,2023-07-22,0,1627.2,0,1000,0,2627.2,2.6272,2.6272
2023-07-23 00:00:00,2023-07-23,0,3372.8,1000,1000,1000,4372.8,2.6864,2.6864
2023-07-24 00:00:00,2023-07-24,0,2734.9,0,1094,0,3828.8,3.499817185,3.499817185
2023-07-25 00:00:00,2023-07-25,0,4585.7,0,1834.3,0,6420,3.499972742,3.499972742
2023-07-26 00:00:00,2023-07-26,0,5679.4,0,2071.7,0,7751.2,3.741468359,3.741468359
2023-07-27 00:00:00,2023-07-27,0,5000,1000,1000,1000,6000,3.5,3.5
2023-07-28 00:00:00,2023-07-28,0,5000,0,2000,0,7000,3.5,3.5
2023-07-29 00:00:00,2023-07-29,0,4000,0,2000,0,6000,3,3
2023-07-30 00:00:00,2023-07-30,0,4000,0,1000,0,5000,5,5
2023-07-31 00:00:00,2023-07-31,0,2000,1000,1000,1000,3000,2,2
2023-08-01 00:00:00,2023-08-01,0,5000,0,1000,0,6000,6,6
2023-08-02 00:00:00,2023-08-02,0,4000,0,2000,0,6000,3,3
2023-08-03 00:00:00,2023-08-03,0,4345.6,1000,1173.1,1000,5518.6,2.99967788,2.99967788
2023-08-04 00:00:00,2023-08-04,0,3654.4,0,826.9,0,4481.4,5.419518684,5.419518684
2023-08-05 00:00:00,2023-08-05,1000,7000,0,3000,1000,10000,3.666666667,3.666666667
2023-08-06 00:00:00,2023-08-06,0,0,1000,0,1000,0,1,1
2023-08-07 00:00:00,2023-08-07,0,0,0,0,0,0,0,0
2023-08-08 00:00:00,2023-08-08,0,0,0,0,0,0,0,0
2023-08-09 00:00:00,2023-08-09,0,0,0,0,0,0,0,0
2023-08-10 00:00:00,2023-08-10,0,0,1000,0,1000,0,1,1
2023-08-11 00:00:00,2023-08-11,0,0,0,0,0,0,0,0
2023-08-12 00:00:00,2023-08-12,0,0,0,0,0,0,0,0
2023-08-13 00:00:00,2023-08-13,0,0,0,0,0,0,0,0
2023-08-14 00:00:00,2023-08-14,0,0,1000,0,1000,0,1,1
2023-08-15 00:00:00,2023-08-15,0,0,0,0,0,0,0,0
2023-08-16 00:00:00,2023-08-16,0,0,0,0,0,0,0,0
2023-08-17 00:00:00,2023-08-17,0,0,0,0,0,0,0,0
2023-08-18 00:00:00,2023-08-18,0,0,1000,0,1000,0,1,1
2023-08-19 00:00:00,2023-08-19,0,6000,0,2000,0,8000,4,4
2023-08-20 00:00:00,2023-08-20,0,5000,0,1000,0,6000,6,6
2023-08-21 00:00:00,2023-08-21,0,5000,0,2000,0,7000,3.5,3.5
2023-08-22 00:00:00,2023-08-22,0,2241,1000,1000,1000,3241,2.1205,2.1205
2023-08-23 00:00:00,2023-08-23,0,3759,0,1000,0,4759,4.759,4.759
2023-08-24 00:00:00,2023-08-24,0,5000,0,2000,0,7000,3.5,3.5
2023-08-25 00:00:00,2023-08-25,0,4000,1000,1000,1000,5000,3,3
2023-08-26 00:00:00,2023-08-26,0,6000,0,2000,0,8000,4,4
2023-08-27 00:00:00,2023-08-27,0,4000,0,2000,0,6000,3,3
2023-08-28 00:00:00,2023-08-28,0,2097.5,0,1032.8,0,3130.3,3.030886909,3.030886909
2023-08-29 00:00:00,2023-08-29,0,6902.5,1000,1967.2,1000,8869.7,3.326267188,3.326267188
2023-08-30 00:00:00,2023-08-30,0,5000,0,2000,0,7000,3.5,3.5
2023-08-31 00:00:00,2023-08-31,0,5000,0,2000,0,7000,3.5,3.5
2023-09-01 00:00:00,2023-09-01,0,3000,1000,1000,1000,4000,2.5,2.5
2023-09-02 00:00:00,2023-09-02,0,5000,0,1000,0,6000,6,6
2023-09-03 00:00:00,2023-09-03,0,2000,0,1000,0,3000,3,3
2023-09-04 00:00:00,2023-09-04,0,2000,0,1000,0,3000,3,3
2023-09-05 00:00:00,2023-09-05,0,5000,1000,1000,1000,6000,3.5,3.5
2023-09-06 00:00:00,2023-09-06,0,1000,0,1000,0,2000,2,2
2023-09-07 00:00:00,2023-09-07,0,2065,0,32.8,0,2097.8,63.95731707,0
2023-09-08 00:00:00,2023-09-08,0,4935,0,1967.2,0,6902.2,3.508641724,3.508641724
2023-09-09 00:00:00,2023-09-09,0,1000,1000,0,1000,1000,2,2
2023-09-10 00:00:00,2023-09-10,0,4000,0,2000,0,6000,3,3
2023-09-11 00:00:00,2023-09-11,0,3000,0,0,0,3000,#DIV/0!,#DIV/0!
2023-09-12 00:00:00,2023-09-12,0,4000,0,2000,0,6000,3,3
2023-09-13 00:00:00,2023-09-13,0,4000,1000,1000,1000,5000,3,3
2023-09-14 00:00:00,2023-09-14,0,4000,0,2000,0,6000,3,3
2023-09-15 00:00:00,2023-09-15,0,1065,0,32.8,0,1097.8,33.4695122,0
2023-09-16 00:00:00,2023-09-16,0,6935,0,2967.2,0,9902.2,3.337220275,3.337220275
2023-09-17 00:00:00,2023-09-17,0,4065,1000,1000,1000,5065,3.0325,3.0325
2023-09-18 00:00:00,2023-09-18,0,6935,0,2000,0,8935,4.4675,4.4675
2023-09-19 00:00:00,2023-09-19,0,4000,0,2000,0,6000,3,3
2023-09-20 00:00:00,2023-09-20,0,4000,1000,1000,1000,5000,3,3
2023-09-21 00:00:00,2023-09-21,2000,4000,1000,2000,3000,6000,3,3
2023-09-22 00:00:00,2023-09-22,4032.5,6000,1032.8,2000,5065.3,8000,4.307999209,4.307999209
2023-09-23 00:00:00,2023-09-23,7967.5,7000,3967.2,3000,11934.7,10000,3.148280514,3.148280514
2023-09-24 00:00:00,2023-09-24,2000,8000,1000,2000,3000,10000,4.333333333,4.333333333
2023-09-25 00:00:00,2023-09-25,0,1032.5,0,1000,0,2032.5,2.0325,2.0325
2023-09-26 00:00:00,2023-09-26,0,6967.5,0,2000,0,8967.5,4.48375,4.48375
2023-09-27 00:00:00,2023-09-27,0,5000,1000,2000,1000,7000,2.666666667,2.666666667
2023-09-28 00:00:00,2023-09-28,1000,8000,0,2000,1000,10000,5.5,5.5
2023-09-29 00:00:00,2023-09-29,1000,4000,1000,2000,2000,6000,2.666666667,2.666666667
2023-09-30 00:00:00,2023-09-30,2000,7000,1000,3000,3000,10000,3.25,3.25
2023-10-01 00:00:00,2023-10-01,0,5000,0,1000,0,6000,6,6
2023-10-02 00:00:00,2023-10-02,0,5000,0,2000,0,7000,3.5,3.5
2023-10-03 00:00:00,2023-10-03,0,4000,1000,1000,1000,5000,3,3
2023-10-04 00:00:00,2023-10-04,0,7000,0,3000,0,10000,3.333333333,3.333333333
2023-10-05 00:00:00,2023-10-05,1000,4000,1000,1000,2000,5000,3.5,3.5
2023-10-06 00:00:00,2023-10-06,0,5000,0,2000,0,7000,3.5,3.5
2023-10-07 00:00:00,2023-10-07,0,5000,0,2000,0,7000,3.5,3.5
2023-10-08 00:00:00,2023-10-08,0,4000,0,1000,0,5000,5,5
2023-10-09 00:00:00,2023-10-09,0,5000,1000,2000,1000,7000,2.666666667,2.666666667
2023-10-10 00:00:00,2023-10-10,0,4000,0,1000,0,5000,5,5
2023-10-11 00:00:00,2023-10-11,0,5000,0,2000,0,7000,3.5,3.5
2023-10-12 00:00:00,2023-10-12,2000,4951.1,1000,1475.6,3000,6426.7,3.807844563,3.807844563
2023-10-13 00:00:00,2023-10-13,0,7048.9,0,2524.4,0,9573.3,3.792307083,3.792307083
2023-10-14 00:00:00,2023-10-14,9475.1,7000,4000,4000,13475.1,11000,3.0593875,3.0593875
2023-10-15 00:00:00,2023-10-15,20000.3,10000,7475.6,5000,27475.9,15000,3.40471801,3.40471801
2023-10-16 00:00:00,2023-10-16,22000.1,5000,8524.4,3000,30524.6,8000,3.342872514,3.342872514
2023-10-17 00:00:00,2023-10-17,12524.4,6000,5000,3000,17524.4,9000,3.31555,3.31555
2023-10-18 00:00:00,2023-10-18,11000,6000,4000,2000,15000,8000,3.833333333,3.833333333
2023-10-19 00:00:00,2023-10-19,3000,10000,1000,4000,4000,14000,3.6,3.6
2023-10-20 00:00:00,2023-10-20,2000,6000,1000,3000,3000,9000,3,3
2023-10-21 00:00:00,2023-10-21,10475.6,7000,4000,3000,14475.6,10000,3.496514286,3.496514286
2023-10-22 00:00:00,2023-10-22,13000,6000,5000,4000,18000,10000,3.111111111,3.111111111
2023-10-23 00:00:00,2023-10-23,9999.9,8000,4000,3000,13999.9,11000,3.571414286,3.571414286
2023-10-24 00:00:00,2023-10-24,10524.6,8000,3475.6,4000,14000.1,12000,3.477995077,3.477995077
2023-10-25 00:00:00,2023-10-25,11000,5000,4524.4,2000,15524.4,7000,3.452332782,3.452332782
2023-10-26 00:00:00,2023-10-26,0,3950.6,0,2475.6,0,6426.1,2.595774762,2.595774762
2023-10-27 00:00:00,2023-10-27,0,4049.4,0,2524.4,0,6573.9,2.604143559,2.604143559
2023-10-28 00:00:00,2023-10-28,4475.6,5000,2000,2000,6475.6,7000,3.3689,3.3689
2023-10-29 00:00:00,2023-10-29,17524.4,5000,6000,3000,23524.4,8000,3.502711111,3.502711111
2023-10-30 00:00:00,2023-10-30,10000,6000,4000,3000,14000,9000,3.285714286,3.285714286
2023-10-31 00:00:00,2023-10-31,8000,6000,3000,2000,11000,8000,3.8,3.8
2023-11-01 00:00:00,2023-11-01,10000,7000,3475.6,4000,13475.6,11000,3.274064958,3.274064958
2023-11-02 00:00:00,2023-11-02,15475.4,6000,5524.4,3000,20999.9,9000,3.519297546,3.519297546
2023-11-03 00:00:00,2023-11-03,15000,8000,6000,4000,21000,12000,3.3,3.3
2023-11-04 00:00:00,2023-11-04,15000,5000,5475.6,3000,20475.6,8000,3.359714946,3.359714946
2023-11-05 00:00:00,2023-11-05,15524.6,9475.3,5524.4,4475.6,21049,13950.8,3.49998,3.49998
2023-11-06 00:00:00,2023-11-06,17475.4,5524.7,6000,3524.4,23475.4,9049.2,3.414871278,3.414871278
2023-11-07 00:00:00,2023-11-07,16475.4,5000,6000,2000,22475.4,7000,3.684425,3.684425
2023-11-08 00:00:00,2023-11-08,14000.3,8000,5000,4000,19000.3,12000,3.444477778,3.444477778
2023-11-09 00:00:00,2023-11-09,20048.9,5000,7000,3000,27048.9,8000,3.50489,3.50489
2023-11-10 00:00:00,2023-11-10,18475.4,6950.8,6475.6,3475.6,24951,10426.4,3.555088834,3.555088834
2023-11-11 00:00:00,2023-11-11,18999.9,7049.2,6524.4,4524.4,25524.3,11573.6,3.357640649,3.357640649
2023-11-12 00:00:00,2023-11-12,15524.7,11000,6000,5000,21524.7,16000,3.411336364,3.411336364
2023-11-13 00:00:00,2023-11-13,11475.4,7000,4000,3000,15475.4,10000,3.639342857,3.639342857
2023-11-14 00:00:00,2023-11-14,15000.1,7000,5000,3000,20000.1,10000,3.7500125,3.7500125
2023-11-15 00:00:00,2023-11-15,17426.9,8000,6000,4000,23426.9,12000,3.54269,3.54269
2023-11-16 00:00:00,2023-11-16,26000,5000,9000,3000,35000,8000,3.583333333,3.583333333
2023-11-17 00:00:00,2023-11-17,32000,7000,11000,3000,43000,10000,3.785714286,3.785714286
2023-11-18 00:00:00,2023-11-18,11334.8,8489.1,3870.5,4244.6,15205.3,12733.7,3.442841123,3.442841123
2023-11-19 00:00:00,2023-11-19,9762.7,9596.2,4129.5,3841,13892.2,13437.2,3.428818769,3.428818769
2023-11-20 00:00:00,2023-11-20,17000,8914.7,6000,3914.4,23000,12829.2,3.613854595,3.613854595
2023-11-21 00:00:00,2023-11-21,18576.1,4000,6000,3000,24576.1,7000,3.508455556,3.508455556
2023-11-22 00:00:00,2023-11-22,28423.9,6000,9000,3000,37423.9,9000,3.868658333,3.868658333
2023-11-23 00:00:00,2023-11-23,11576.1,9000,4000,4000,15576.1,13000,3.5720125,3.5720125
2023-11-24 00:00:00,2023-11-24,29576.1,8000,10576.4,4000,40152.5,12000,3.577872451,3.577872451
2023-11-25 00:00:00,2023-11-25,46000,7000,21576.4,5000,67576.4,12000,2.994250538,2.994250538
2023-11-26 00:00:00,2023-11-26,34423.9,6000,13847.2,3000,48271.1,9000,3.399443231,3.399443231
2023-11-27 00:00:00,2023-11-27,22576.1,7000,8000,3000,30576.1,10000,3.688736364,3.688736364
2023-11-28 00:00:00,2023-11-28,23000,7000,8576.4,5000,31576.4,12000,3.209716862,3.209716862
2023-11-29 00:00:00,2023-11-29,40547.2,5000,19123.3,4000,59670.6,9000,2.969757777,2.969757777
2023-11-30 00:00:00,2023-11-30,39699.4,8000,18000,5000,57699.4,13000,3.073886957,3.073886957
2023-12-01 00:00:00,2023-12-01,45000,4000,19999.8,3000,64999.8,7000,3.130453308,3.130453308
2023-12-02 00:00:00,2023-12-02,43000,6000,20000.1,5000,63000.1,11000,2.95999216,2.95999216
2023-12-03 00:00:00,2023-12-03,25300.6,7000,9300.4,3000,34600.9,10000,3.625971513,3.625971513
2023-12-04 00:00:00,2023-12-04,25699.4,6000,8699.7,3000,34399.2,9000,3.709428447,3.709428447
2023-12-05 00:00:00,2023-12-05,27300.6,8000,9300.3,5000,36600.8,13000,3.468514647,3.468514647
2023-12-06 00:00:00,2023-12-06,33699.4,12000,12000,6000,45699.4,18000,3.538855556,3.538855556
2023-12-07 00:00:00,2023-12-07,28300.5,11000,9000,5000,37300.5,16000,3.807178571,3.807178571
2023-12-08 00:00:00,2023-12-08,27000.1,8000,8000,4000,35000.1,12000,3.916675,3.916675
2023-12-09 00:00:00,2023-12-09,19000,8000,6000,4000,25000,12000,3.7,3.7
2023-12-10 00:00:00,2023-12-10,12300.6,11000,4000,5000,16300.6,16000,3.588955556,3.588955556
2023-12-11 00:00:00,2023-12-11,16699.4,7000,6000,3000,22699.4,10000,3.633266667,3.633266667
2023-12-12 00:00:00,2023-12-12,18000,7000,6000,4000,24000,11000,3.5,3.5
2023-12-13 00:00:00,2023-12-13,25699.4,6000,8699.7,4000,34399.2,10000,3.496082585,3.496082585
2023-12-14 00:00:00,2023-12-14,23000,8000,8000,4000,31000,12000,3.583333333,3.583333333
2023-12-15 00:00:00,2023-12-15,18300.6,8000,6300.3,5000,24600.8,13000,3.327416086,3.327416086
2023-12-16 00:00:00,2023-12-16,10300.6,12000,3000,5000,13300.6,17000,3.787575,3.787575
2023-12-17 00:00:00,2023-12-17,8699.4,6000,3000,3000,11699.4,9000,3.4499,3.4499
2023-12-18 00:00:00,2023-12-18,8000,9000,3000,3000,11000,12000,3.833333333,3.833333333
2023-12-19 00:00:00,2023-12-19,12000,7000,3699.7,4000,15699.7,11000,3.467628609,3.467628609
2023-12-20 00:00:00,2023-12-20,15999.9,8000,5300.3,4000,21300.2,12000,3.580551165,3.580551165
2023-12-21 00:00:00,2023-12-21,10000.1,6000,3000,3000,13000.1,9000,3.666683333,3.666683333
2023-12-22 00:00:00,2023-12-22,8300.6,14398.9,3000,6699.7,11300.6,21098.6,3.340227017,3.340227017
2023-12-23 00:00:00,2023-12-23,4699.4,6601.1,2000,3300.3,6699.4,9901.4,3.132049129,3.132049129
2023-12-24 00:00:00,2023-12-24,6300.6,7000,2000,3000,8300.6,10000,3.66012,3.66012
2023-12-25 00:00:00,2023-12-25,1000,8000,1000,4000,2000,12000,2.8,2.8
2023-12-26 00:00:00,2023-12-26,13699.4,5000,4000,2000,17699.4,7000,4.116566667,4.116566667
2023-12-27 00:00:00,2023-12-27,18000,5000,6000,4000,24000,9000,3.3,3.3
2023-12-28 00:00:00,2023-12-28,16000,7000,5000,3000,21000,10000,3.875,3.875
2023-12-29 00:00:00,2023-12-29,13000,9000,4699.6,4000,17699.6,13000,3.528851901,3.528851901
2023-12-30 00:00:00,2023-12-30,19000,5000,6300.4,3000,25300.4,8000,3.580534171,3.580534171
2023-12-31 00:00:00,2023-12-31,21000,7000,7000,4000,28000,11000,3.545454545,3.545454545
2024-01-01 00:00:00,2024-01-01,19000,7000,6000,4000,25000,11000,3.6,3.6
2024-01-02 00:00:00,2024-01-02,15000,7000,5000,4000,20000,11000,3.444444444,3.444444444
2024-01-03 00:00:00,2024-01-03,18000,7000,6000,3000,24000,10000,3.777777778,3.777777778
2024-01-04 00:00:00,2024-01-04,23999.7,8000,8000,4000,31999.7,12000,3.666641667,3.666641667
2024-01-05 00:00:00,2024-01-05,25999.5,10000,9000,6000,34999.5,16000,3.399966667,3.399966667
2024-01-06 00:00:00,2024-01-06,30000.8,7000,10000,4000,40000.8,11000,3.642914286,3.642914286
2024-01-07 00:00:00,2024-01-07,35699.3,6000,13699.6,4000,49398.9,10000,3.355945897,3.355945897
2024-01-08 00:00:00,2024-01-08,35000.2,7000,13000.1,4000,48000.3,11000,3.470585467,3.470585467
2024-01-09 00:00:00,2024-01-09,36300.6,12699.4,14300.3,7699.4,50600.8,20398.9,3.2273031,3.2273031
2024-01-10 00:00:00,2024-01-10,44000,6300.6,17000,3300.6,61000,9601.1,3.477783908,3.477783908
2024-01-11 00:00:00,2024-01-11,34000,8000,12699.7,5000,46699.7,13000,3.372921575,3.372921575
2024-01-12 00:00:00,2024-01-12,27999.9,8000,9999.9,5000,37999.8,13000,3.400009333,3.400009333
2024-01-13 00:00:00,2024-01-13,36000.1,7000,14000.1,5000,50000.2,12000,3.263151247,3.263151247
2024-01-14 00:00:00,2024-01-14,34699.3,7000,11999.9,3000,46699.2,10000,3.779971866,3.779971866
2024-01-15 00:00:00,2024-01-15,35000.2,9000,13300.4,6000,48300.5,15000,3.279750679,3.279750679
2024-01-16 00:00:00,2024-01-16,36648.6,8000,16047.5,5000,52696.1,13000,3.121325573,3.121325573
2024-01-17 00:00:00,2024-01-17,37728.6,8000,16340.6,6000,54069.2,14000,3.046883253,3.046883253
2024-01-18 00:00:00,2024-01-18,44000,7000,23000,5000,67000,12000,2.821428571,2.821428571
2024-01-19 00:00:00,2024-01-19,41000,9000,19000,6000,60000,15000,3,3
2024-01-20 00:00:00,2024-01-20,29611.9,7000,10611.9,4000,40223.9,11000,3.505628974,3.505628974
2024-01-21 00:00:00,2024-01-21,13000,9000,4000,4000,17000,13000,3.75,3.75
2024-01-22 00:00:00,2024-01-22,17000,7000,6000,3000,23000,10000,3.666666667,3.666666667
2024-01-23 00:00:00,2024-01-23,15000,9000,5000,5000,20000,14000,3.4,3.4
2024-01-24 00:00:00,2024-01-24,14000,9000,5000,5000,19000,14000,3.3,3.3
2024-01-25 00:00:00,2024-01-25,10611.9,6000,3000,2000,13611.9,8000,4.32238,4.32238
2024-01-26 00:00:00,2024-01-26,20387.9,8000,7000,5000,27387.9,13000,3.365658333,3.365658333
2024-01-27 00:00:00,2024-01-27,24612.1,5387.9,9000,3388.1,33612.1,8776,3.421678869,3.421678869
2024-01-28 00:00:00,2024-01-28,17000,10612.1,5388.1,4611.9,22388.1,15224,3.76121,3.76121
2024-01-29 00:00:00,2024-01-29,9387.8,8000,3611.9,3000,12999.7,11000,3.62977359,3.62977359
2024-01-30 00:00:00,2024-01-30,20000.2,8000,6388.1,5000,26388.2,13000,3.458715677,3.458715677
2024-01-31 00:00:00,2024-01-31,20000.1,8000,7611.9,4000,27612.1,12000,3.411336646,3.411336646
2024-02-01 00:00:00,2024-02-01,21999.9,7000,7388.1,4000,29387.9,11000,3.546500294,3.546500294
2024-02-02 00:00:00,2024-02-02,12999.9,9000,4611.9,4000,17611.9,13000,3.554604675,3.554604675
2024-02-03 00:00:00,2024-02-03,10000,10000,4000,4000,14000,14000,3.5,3.5
2024-02-04 00:00:00,2024-02-04,15000.1,7000,5000,4000,20000.1,11000,3.444455556,3.444455556
2024-02-05 00:00:00,2024-02-05,16000.1,6000,6000,3000,22000.1,9000,3.444455556,3.444455556
2024-02-06 00:00:00,2024-02-06,14611.9,7000,5000,4000,19611.9,11000,3.401322222,3.401322222
2024-02-07 00:00:00,2024-02-07,24387.9,6000,8387.9,3000,32775.9,9000,3.668446333,3.668446333
2024-02-08 00:00:00,2024-02-08,18531.8,8000,6531.8,4000,25063.5,12000,3.519198997,3.519198997
2024-02-09 00:00:00,2024-02-09,11080.3,6879.2,4080.3,3879.4,15160.6,10758.6,3.25630363,3.25630363
2024-02-10 00:00:00,2024-02-10,18000,9120.8,6000,4120.6,24000,13241.4,3.679762069,3.679762069
2024-02-11 00:00:00,2024-02-11,21879.4,10758.9,7000,5879.4,28879.4,16638.3,3.534147553,3.534147553
2024-02-12 00:00:00,2024-02-12,22999.8,7241.1,8000,4120.6,30999.8,11361.7,3.495000248,3.495000248
2024-02-13 00:00:00,2024-02-13,15120.8,9000,5879.4,4000,21000.2,13000,3.441524789,3.441524789
2024-02-14 00:00:00,2024-02-14,7879.4,8000,2120.6,3000,10000,11000,4.101081904,4.101081904
2024-02-15 00:00:00,2024-02-15,3120.6,9000,2000,4000,5120.6,13000,3.0201,3.0201
2024-02-16 00:00:00,2024-02-16,11000,8000,3000,4000,14000,12000,3.714285714,3.714285714
2024-02-17 00:00:00,2024-02-17,7000,10000,2879.4,4000,9879.4,14000,3.471145739,3.471145739
2024-02-18 00:00:00,2024-02-18,11879.2,7000,3120.6,4000,14999.8,11000,3.651349605,3.651349605
2024-02-19 00:00:00,2024-02-19,12000.2,7000,4000,3000,16000.2,10000,3.714314286,3.714314286
2024-02-20 00:00:00,2024-02-20,14999.8,8000,5879.4,4000,20879.2,12000,3.32805636,3.32805636
2024-02-21 00:00:00,2024-02-21,13000,7000,4120.6,4000,17120.6,11000,3.462872202,3.462872202
2024-02-22 00:00:00,2024-02-22,21000.2,8000,7000,4000,28000.2,12000,3.636381818,3.636381818
2024-02-23 00:00:00,2024-02-23,28878.9,7000,10000,5000,38878.9,12000,3.391926667,3.391926667
2024-02-24 00:00:00,2024-02-24,28121.1,6638.2,11879.4,4879.4,40000.5,11517.7,3.074098384,3.074098384
2024-02-25 00:00:00,2024-02-25,27000,7361.8,10000,4120.6,37000,11482.3,3.433444754,3.433444754
2024-02-26 00:00:00,2024-02-26,28879.4,6000,10000,4000,38879.4,10000,3.491385714,3.491385714
2024-02-27 00:00:00,2024-02-27,27120.6,9000,10120.6,4000,37241.1,13000,3.558000368,3.558000368
2024-02-28 00:00:00,2024-02-28,16118.6,8000,6000,4000,22118.6,12000,3.41186,3.41186
2024-02-29 00:00:00,2024-02-29,19000,7000,6998.3,4000,25998.3,11000,3.364001709,3.364001709
2024-03-01 00:00:00,2024-03-01,24000,10000,8001.7,6000,32001.7,16000,3.428276566,3.428276566
2024-03-02 00:00:00,2024-03-02,26998.1,10000,9998.3,5000,36996.4,15000,3.466819573,3.466819573
2024-03-03 00:00:00,2024-03-03,27001.9,8000,11001.7,5000,38003.6,13000,3.18738634,3.18738634
2024-03-04 00:00:00,2024-03-04,24998.1,8000,9000,4000,33998.1,12000,3.538315385,3.538315385
2024-03-05 00:00:00,2024-03-05,22001.9,7000,8000,5000,30001.9,12000,3.230915385,3.230915385
2024-03-06 00:00:00,2024-03-06,18000,7000,6998.3,4000,24998.3,11000,3.273078567,3.273078567
2024-03-07 00:00:00,2024-03-07,20997.5,10000,6999.7,4000,27997.2,14000,3.818031401,3.818031401
2024-03-08 00:00:00,2024-03-08,21857.2,8000,7001.7,5000,28858.9,13000,3.487747569,3.487747569
2024-03-09 00:00:00,2024-03-09,20000,8000,7000,4000,27000,12000,3.545454545,3.545454545
2024-03-10 00:00:00,2024-03-10,12999.8,9000,5000,5000,17999.8,14000,3.19998,3.19998
2024-03-11 00:00:00,2024-03-11,19999.7,8000,7000,4000,26999.7,12000,3.545427273,3.545427273
2024-03-12 00:00:00,2024-03-12,12146.4,9000,4000,4000,16146.4,13000,3.6433,3.6433
2024-03-13 00:00:00,2024-03-13,8412.1,8000,3000,3000,11412.1,11000,3.73535,3.73535
2024-03-14 00:00:00,2024-03-14,9587.9,7000,3000,3000,12587.9,10000,3.76465,3.76465
2024-03-15 00:00:00,2024-03-15,9091.4,9000,4000,4000,13091.4,13000,3.261425,3.261425
2024-03-16 00:00:00,2024-03-16,21908.3,5000,7000,3000,28908.3,8000,3.69083,3.69083
2024-03-17 00:00:00,2024-03-17,8091.7,9000,3000,5000,11091.7,14000,3.1364625,3.1364625
2024-03-18 00:00:00,2024-03-18,10999.7,7000,4000,3000,14999.7,10000,3.571385714,3.571385714
2024-03-19 00:00:00,2024-03-19,3908.3,7000,2000,3000,5908.3,10000,3.18166,3.18166
2024-03-20 00:00:00,2024-03-20,6091.7,6000,2000,3000,8091.7,9000,3.41834,3.41834
2024-03-21 00:00:00,2024-03-21,11908.1,8000,4000,4000,15908.1,12000,3.4885125,3.4885125
2024-03-22 00:00:00,2024-03-22,13091.7,9000,4091.9,4000,17183.6,13000,3.730100471,3.730100471
2024-03-23 00:00:00,2024-03-23,21090.9,8000,7908.1,5000,28999,13000,3.253693417,3.253693417
2024-03-24 00:00:00,2024-03-24,16908.8,6000,6000,3000,22908.8,9000,3.545422222,3.545422222
2024-03-25 00:00:00,2024-03-25,15999.2,8000,5000,4000,20999.2,12000,3.666577778,3.666577778
2024-03-26 00:00:00,2024-03-26,14990.3,8000,5081.9,5000,20072.2,13000,3.280353902,3.280353902
2024-03-27 00:00:00,2024-03-27,20241.4,6000,7241.4,3000,27482.8,9000,3.562286406,3.562286406
2024-03-28 00:00:00,2024-03-28,18676.4,5000,6676.1,3000,25352.5,8000,3.446894927,3.446894927
2024-03-29 00:00:00,2024-03-29,0,0,0,0,0,0,0,0
2024-03-30 00:00:00,2024-03-30,0,0,0,0,0,0,0,0
2024-03-31 00:00:00,2024-03-31,0,0,0,0,0,0,0,0
2024-04-01 00:00:00,2024-04-01,0,0,1000,0,1000,0,1,1
2024-04-02 00:00:00,2024-04-02,5726.7,7000,1000,2000,6726.7,9000,5.242233333,5.242233333
2024-04-03 00:00:00,2024-04-03,17273,5726.9,6000,3000,23273,8726.9,3.555544444,3.555544444
2024-04-04 00:00:00,2024-04-04,11023.6,7272.9,5000,3000,16023.6,10272.9,3.2870625,3.2870625
2024-04-05 00:00:00,2024-04-05,2976.4,7000,1000,4000,3976.4,11000,2.99528,2.99528
2024-04-06 00:00:00,2024-04-06,3023.6,6000,1000,3000,4023.6,9000,3.2559,3.2559
2024-04-07 00:00:00,2024-04-07,4976.1,7000,2000,3000,6976.1,10000,3.39522,3.39522
2024-04-08 00:00:00,2024-04-08,9023.6,7000,3000,4000,12023.6,11000,3.289085714,3.289085714
2024-04-09 00:00:00,2024-04-09,15000.3,9000,5023.9,4000,20024.2,13000,3.659637186,3.659637186
2024-04-10 00:00:00,2024-04-10,13999.7,8000,4975.8,3000,18975.5,11000,3.758306377,3.758306377
2024-04-11 00:00:00,2024-04-11,4000,7000,2000,3000,6000,10000,3.2,3.2
2024-04-12 00:00:00,2024-04-12,5976.4,8000,2000,4000,7976.4,12000,3.3294,3.3294
2024-04-13 00:00:00,2024-04-13,2023.6,7000,1000,3000,3023.6,10000,3.2559,3.2559
2024-04-14 00:00:00,2024-04-14,12999.7,8000,4023.9,4000,17023.6,12000,3.617143783,3.617143783
2024-04-15 00:00:00,2024-04-15,15000,8000,4999.7,4000,19999.7,12000,3.555640744,3.555640744
2024-04-16 00:00:00,2024-04-16,10999.7,6000,4000,3000,14999.7,9000,3.428528571,3.428528571
2024-04-17 00:00:00,2024-04-17,14000,8000,4976.1,5000,18976.1,13000,3.205270597,3.205270597
2024-04-18 00:00:00,2024-04-18,23000,6000,8000,3000,31000,9000,3.636363636,3.636363636
2024-04-19 00:00:00,2024-04-19,8999.7,9000,3023.9,4000,12023.6,13000,3.562636142,3.562636142
2024-04-20 00:00:00,2024-04-20,13999.7,7000,5000,4000,18999.7,11000,3.3333,3.3333
2024-04-21 00:00:00,2024-04-21,13976.1,5022.8,4976.1,2023.1,18952.2,7045.9,3.714438793,3.714438793
2024-04-22 00:00:00,2024-04-22,16023.6,7976.9,6000,4976.6,22023.6,12953.6,3.18652406,3.18652406
2024-04-23 00:00:00,2024-04-23,12999.7,6000,5000,3000,17999.7,9000,3.3749625,3.3749625
2024-04-24 00:00:00,2024-04-24,18000,7000,6023.6,4000,24023.6,11000,3.494113891,3.494113891
2024-04-25 00:00:00,2024-04-25,18000,7047.2,6976.4,4000,24976.4,11047.2,3.281913924,3.281913924
2024-04-26 00:00:00,2024-04-26,13999.7,7952.8,5000,4000,18999.7,11952.8,3.439166667,3.439166667
2024-04-27 00:00:00,2024-04-27,18976.4,7000,7000,4000,25976.4,11000,3.361490909,3.361490909
2024-04-28 00:00:00,2024-04-28,17023.6,6000,6000,3000,23023.6,9000,3.558177778,3.558177778
2024-04-29 00:00:00,2024-04-29,5976.4,8000,2000,4000,7976.4,12000,3.3294,3.3294
2024-04-30 00:00:00,2024-04-30,5023.6,6000,2023.9,3000,7047.5,9000,3.194231573,3.194231573
2024-05-01 00:00:00,2024-05-01,6999.7,7000,2976.1,4000,9975.8,11000,3.006808962,3.006808962
2024-05-02 00:00:00,2024-05-02,7999.7,9000,2023.9,4000,10023.6,13000,3.822042199,3.822042199
2024-05-03 00:00:00,2024-05-03,11976.1,6000,4975.8,3000,16951.9,9000,3.253830337,3.253830337
2024-05-04 00:00:00,2024-05-04,6023.6,7000,2000,3000,8023.6,10000,3.60472,3.60472
2024-05-05 00:00:00,2024-05-05,3976.4,6000,2000,3000,5976.4,9000,2.99528,2.99528
2024-05-06 00:00:00,2024-05-06,1000,7000,0,3000,1000,10000,3.666666667,3.666666667
2024-05-07 00:00:00,2024-05-07,1000,7000,1000,3000,2000,10000,3,3
2024-05-08 00:00:00,2024-05-08,0,4000,0,2000,0,6000,3,3
2024-05-09 00:00:00,2024-05-09,0,5000,1000,2000,1000,7000,2.666666667,2.666666667
2024-05-10 00:00:00,2024-05-10,0,4000,0,2000,0,6000,3,3
2024-05-11 00:00:00,2024-05-11,0,5000,0,2000,0,7000,3.5,3.5
2024-05-12 00:00:00,2024-05-12,0,4000,0,2000,0,6000,3,3
2024-05-13 00:00:00,2024-05-13,0,7000,1000,3000,1000,10000,2.75,2.75
2024-05-14 00:00:00,2024-05-14,0,7000,0,3000,0,10000,3.333333333,3.333333333
2024-05-15 00:00:00,2024-05-15,0,5000,0,2000,0,7000,3.5,3.5
2024-05-16 00:00:00,2024-05-16,0,6000,0,3000,0,9000,3,3
2024-05-17 00:00:00,2024-05-17,0,5000,1000,2000,1000,7000,2.666666667,2.666666667
2024-05-18 00:00:00,2024-05-18,0,4559.3,0,2279.6,0,6838.9,3.000043867,3.000043867
2024-05-19 00:00:00,2024-05-19,0,7440.7,0,2720.4,0,10161.1,3.735149243,3.735149243
2024-05-20 00:00:00,2024-05-20,0,5000,0,2000,0,7000,3.5,3.5
2024-05-21 00:00:00,2024-05-21,1000,6000,1000,2000,2000,8000,3.333333333,3.333333333
2024-05-22 00:00:00,2024-05-22,0,5000,0,3000,0,8000,2.666666667,2.666666667
2024-05-23 00:00:00,2024-05-23,0,6000,0,3000,0,9000,3,3
2024-05-24 00:00:00,2024-05-24,1000,4000,1000,2000,2000,6000,2.666666667,2.666666667
2024-05-25 00:00:00,2024-05-25,0,0,0,0,0,0,0,0
2024-05-26 00:00:00,2024-05-26,0,0,1000,0,1000,0,1,1
2024-05-27 00:00:00,2024-05-27,0,0,0,0,0,0,0,0
2024-05-28 00:00:00,2024-05-28,0,0,0,0,0,0,0,0
2024-05-29 00:00:00,2024-05-29,0,0,0,0,0,0,0,0
2024-05-30 00:00:00,2024-05-30,0,0,1000,0,1000,0,1,1
2024-05-31 00:00:00,2024-05-31,0,8000,0,2000,0,10000,5,5
2024-06-01 00:00:00,2024-06-01,0,9000,0,4000,0,13000,3.25,3.25
2024-06-02 00:00:00,2024-06-02,0,4000,0,2000,0,6000,3,3
2024-06-03 00:00:00,2024-06-03,0,4000,1000,1000,1000,5000,3,3
2024-06-04 00:00:00,2024-06-04,0,6000,0,3000,0,9000,3,3
2024-06-05 00:00:00,2024-06-05,0,6000,0,3000,0,9000,3,3
2024-06-06 00:00:00,2024-06-06,1000,6000,1000,3000,2000,9000,2.75,2.75
2024-06-07 00:00:00,2024-06-07,0,4000,0,2000,0,6000,3,3
2024-06-08 00:00:00,2024-06-08,0,6000,0,3000,0,9000,3,3
2024-06-09 00:00:00,2024-06-09,1000,6000,1000,3000,2000,9000,2.75,2.75
2024-06-10 00:00:00,2024-06-10,0,4297.3,0,1148.7,0,5446,4.741011578,4.741011578
2024-06-11 00:00:00,2024-06-11,1000,6702.7,1000,3851.3,2000,10554,2.587759982,2.587759982
2024-06-12 00:00:00,2024-06-12,3000,7000,1000,3000,4000,10000,3.5,3.5
2024-06-13 00:00:00,2024-06-13,3000,7000,1000,3000,4000,10000,3.5,3.5
2024-06-14 00:00:00,2024-06-14,0,6000,0,3000,0,9000,3,3
2024-06-15 00:00:00,2024-06-15,0,7000,1000,3000,1000,10000,2.75,2.75
2024-06-16 00:00:00,2024-06-16,2000,3481.1,0,2240.6,2000,5721.8,3.446309024,3.446309024
2024-06-17 00:00:00,2024-06-17,0,6518.3,1000,2759.1,1000,9277.4,2.73400548,2.73400548
2024-06-18 00:00:00,2024-06-18,0,4000,0,2000,0,6000,3,3
2024-06-19 00:00:00,2024-06-19,0,4000,0,1000,0,5000,5,5
2024-06-20 00:00:00,2024-06-20,0,4000,0,2000,0,6000,3,3
2024-06-21 00:00:00,2024-06-21,0,4000,1000,2000,1000,6000,2.333333333,2.333333333
2024-06-22 00:00:00,2024-06-22,0,3000,0,1000,0,4000,4,4
2024-06-23 00:00:00,2024-06-23,0,3000,0,2000,0,5000,2.5,2.5
2024-06-24 00:00:00,2024-06-24,0,7000,0,3000,0,10000,3.333333333,3.333333333
2024-06-25 00:00:00,2024-06-25,0,4000,1000,1000,1000,5000,3,3
2024-06-26 00:00:00,2024-06-26,0,2000,0,1000,0,3000,3,3
2024-06-27 00:00:00,2024-06-27,0,5463.9,0,2000,0,7463.9,3.73195,3.73195
2024-06-28 00:00:00,2024-06-28,0,4535.7,0,3000,0,7535.7,2.5119,2.5119
2024-06-29 00:00:00,2024-06-29,0,4000,1000,1000,1000,5000,3,3
2024-06-30 00:00:00,2024-06-30,0,7000,0,3000,0,10000,3.333333333,3.333333333
2024-07-01 00:00:00,2024-07-01,0,5000,0,2000,0,7000,3.5,3.5
2024-07-02 00:00:00,2024-07-02,0,4562,1000,2000,1000,6562,2.520666667,2.520666667
2024-07-03 00:00:00,2024-07-03,0,6438,0,3000,0,9438,3.146,3.146
2024-07-04 00:00:00,2024-07-04,0,6000,0,3000,0,9000,3,3
2024-07-05 00:00:00,2024-07-05,0,8000,0,3000,0,11000,3.666666667,3.666666667
2024-07-06 00:00:00,2024-07-06,0,4828.6,1000,2914.3,1000,7743,2.233604987,2.233604987
2024-07-07 00:00:00,2024-07-07,1000,5171.4,0,2085.7,1000,7257,3.958862732,3.958862732
2024-07-08 00:00:00,2024-07-08,0,6000,0,3000,0,9000,3,3
2024-07-09 00:00:00,2024-07-09,0,6928.2,1000,2000,1000,8928.2,3.3094,3.3094
2024-07-10 00:00:00,2024-07-10,0,5071.8,0,2000,0,7071.8,3.5359,3.5359
2024-07-11 00:00:00,2024-07-11,0,4813.2,0,2604.4,0,7417.6,2.84810321,2.84810321
2024-07-12 00:00:00,2024-07-12,0,3186.8,0,1395.6,0,4582.4,3.28346231,3.28346231
2024-07-13 00:00:00,2024-07-13,0,0,1000,0,1000,0,1,1